28299;Ski;ski;7600508;;59.719162;10.83486;;NO;Europe/Oslo;f;f;f;f;f;f;;;f;;f;7600067;f;;f;;f;;f;;f;;f;;f;;f;;f;;;;f;;f;;f;;f;NOAAB;f;;f;f;;;;;;;;;;;;;;;;Ши;;;希;urn:trainline:public:nloc:csv28299
28300;As;as;7600510;;59.663042;10.794993;;NO;Europe/Oslo;f;f;f;t;f;f;;;f;;f;7600165;f;u4xekv;t;;f;11878;t;;f;;f;;f;;f;;f;;;;f;;f;;f;;f;NOAAC;f;;f;f;;;;;;;;;;;;;;;;;;;;urn:trainline:public:nloc:csv28300
28301;Vestby;vestby;7600511;;59.603857;10.748635;;NO;Europe/Oslo;f;f;f;f;f;f;;;f;;f;7600140;f;;f;;f;;f;;f;;f;;f;;f;;f;;;;f;;f;;f;;f;NOAAD;f;;f;f;;;;;;;;;;;;;;;;Вестбю;;;韋斯特比;urn:trainline:public:nloc:csv28301
28302;Moss;moss;7600516;;59.431848;10.657026;;NO;Europe/Oslo;f;f;f;t;f;f;;;f;;f;7600002;f;u4xd4e;t;NOXKM;t;7268;t;;f;;f;;f;;f;;f;;;;f;;f;;f;;f;NOAAE;f;;f;f;;;;;;;;;;;;;모스;;;Мосс;;;莫斯;urn:trainline:public:nloc:csv28302
28303;Rygge;rygge;7600518;;59.37812;10.74806;;NO;Europe/Oslo;f;f;f;f;f;f;;;f;;f;7600142;f;;f;;f;;f;;f;;f;;f;;f;;f;;;;f;;f;;f;;f;NOAAF;f;;f;f;;;;;;;;;;;;;;;;;;;;urn:trainline:public:nloc:csv28303
28304;Rade;rade;7600519;;59.347763;10.865477;;NO;Europe/Oslo;f;f;f;f;f;f;;;f;;f;7600143;f;;f;;f;;f;;f;;f;;f;;f;;f;;;;f;;f;;f;;f;NOAAG;f;;f;f;;;;;;;;;;;;;;;;;;;;urn:trainline:public:nloc:csv28304
28305;Fredrikstad;fredrikstad;7600522;;59.209078;10.950704;;NO;Europe/Oslo;f;f;f;f;f;f;;;f;;f;7600003;f;;f;;f;;f;;f;;f;;f;;f;;f;;;;f;;f;;f;;f;NOAAH;f;;f;f;;;;;;;;;;;;フレドリクスタ;;;;;;;;urn:trainline:public:nloc:csv28305
28306;Sarpsborg;sarpsborg;7600527;;59.286178;11.118622;;NO;Europe/Oslo;f;f;f;t;f;f;;;f;;f;7600066;f;u4xckb;t;NOXKQ;t;7248;t;;f;;f;;f;;f;;f;;;;f;;f;;f;;f;NOAAJ;f;;f;f;;;;;;;;;;;;サルプスボルグ;사릅스보르그;;;Сарпсборг;;;萨尔普斯堡;urn:trainline:public:nloc:csv28306
28307;Halden;halden;7600546;;59.120804;11.383768;;NO;Europe/Oslo;f;f;f;f;f;f;;;f;;f;7600004;f;;f;;f;;f;;f;;f;;f;;f;;f;;;;f;;f;;f;;f;NOAAL;f;;f;f;;;;;;;;;;;;;;;;Халден;;;;urn:trainline:public:nloc:csv28307
28308;Askim;askim;7600533;;59.581689;11.165024;;NO;Europe/Oslo;f;f;f;f;f;f;;;f;;f;7600150;f;;f;;f;;f;;f;;f;;f;;f;;f;;;;f;;f;;f;;f;NOAAM;f;;f;f;;;;;;;;;;;;;아심;;;Ашим;;;阿希姆;urn:trainline:public:nloc:csv28308
28309;Mysen;mysen;7600536;;59.554533;11.324214;;NO;Europe/Oslo;f;f;f;f;f;f;;;f;;f;7600152;f;;f;;f;;f;;f;;f;;f;;f;;f;;;;f;;f;;f;;f;NOAAN;f;;f;f;;;;;;;;;;;;;;;;;;;;urn:trainline:public:nloc:csv28309
28310;Arnes;arnes;7600311;;60.123658;11.464572;;NO;Europe/Oslo;f;f;f;f;f;f;;;f;;f;7600104;f;;f;;f;;f;;f;;f;;f;;f;;f;;;;f;;f;;f;;f;NOAAO;f;;f;f;;;;;;;;;;;;;;;;;;;;urn:trainline:public:nloc:csv28310
28311;Skarnes;skarnes;7600315;;60.253867;11.680709;;NO;Europe/Oslo;f;f;f;f;f;f;;;f;;f;7600105;f;;f;;f;;f;;f;;f;;f;;f;;f;;;;f;;f;;f;;f;NOAAP;f;;f;f;;;;;;;;;;;;;;;;;;;;urn:trainline:public:nloc:csv28311
28312;Kongsvinger;kongsvinger;7600318;;60.187814;12.003547;;NO;Europe/Oslo;f;f;f;f;f;f;;;f;;f;7600031;f;;f;;f;;f;;f;;f;;f;;f;;f;;;;f;;f;;f;;f;NOAAQ;f;;f;f;;;;;;;;;;;;;콩스빙에르;;;Конгсвингер;;;孔斯温厄尔;urn:trainline:public:nloc:csv28312
28313;Grefsen;grefsen;7600601;;59.941123;10.780358;29479;NO;Europe/Oslo;f;f;f;f;f;f;;;f;;f;7600116;f;;f;;f;;f;;f;;f;;f;;f;;f;;;;f;;f;;f;;f;NOAAV;f;;f;f;;;;;;;;;;;;;;;;;;;;urn:trainline:public:nloc:csv28313
28314;Hakadal;hakadal;7600608;;60.117429;10.829439;;NO;Europe/Oslo;f;f;f;f;f;f;;;f;;f;7600166;f;;f;;f;;f;;f;;f;;f;;f;;f;;;;f;;f;;f;;f;NOAAW;f;;f;f;;;;;;;;;;;;;;;;;;;;urn:trainline:public:nloc:csv28314
28315;Stryken;stryken;7600609;;60.165719;10.720346;;NO;Europe/Oslo;f;f;f;f;f;f;;;f;;f;7600167;f;;f;;f;;f;;f;;f;;f;;f;;f;;;;f;;f;;f;;f;NOAAX;f;;f;f;;;;;;;;;;;;;;;;;;;;urn:trainline:public:nloc:csv28315
28316;Harestua;harestua;7600610;;60.192408;10.723807;;NO;Europe/Oslo;f;f;f;f;f;f;;;f;;f;7600117;f;;f;;f;;f;;f;;f;;f;;f;;f;;;;f;;f;;f;;f;NOAAY;f;;f;f;;;;;;;;;;;;;;;;;;;;urn:trainline:public:nloc:csv28316
28317;Grua;grua;7600612;;60.259368;10.665;;NO;Europe/Oslo;f;f;f;f;f;f;;;f;;f;7600169;f;;f;;f;;f;;f;;f;;f;;f;;f;;;;f;;f;;f;;f;NOABA;f;;f;f;;;;;;;;;;;;;;;;;;;;urn:trainline:public:nloc:csv28317
28318;Roa;roa;7600613;;60.283468;10.621438;;NO;Europe/Oslo;f;f;f;f;f;f;;;f;;f;7600062;f;;f;;f;;f;;f;;f;;f;;f;;f;;;;f;;f;;f;;f;NOABB;f;;f;f;;;;;;;;;;;;;;;;;;;;urn:trainline:public:nloc:csv28318
28319;Lunner;lunner;7600614;;60.304638;10.584807;;NO;Europe/Oslo;f;f;f;f;f;f;;;f;;f;7600170;f;;f;;f;;f;;f;;f;;f;;f;;f;;;;f;;f;;f;;f;NOABC;f;;f;f;;;;;;;;;;;;;;;;;;;;urn:trainline:public:nloc:csv28319
28320;Gran;gran;7600615;;60.359337;10.56975;;NO;Europe/Oslo;f;f;f;f;f;f;;;f;;f;7600171;f;;f;;f;;f;;f;;f;;f;;f;;f;;;;f;;f;;f;;f;NOABD;f;;f;f;;;;;;;;;;;;;;;;;;;;urn:trainline:public:nloc:csv28320
28321;Jaren;jaren;7600616;;60.393038;10.556302;;NO;Europe/Oslo;f;f;f;f;f;f;;;f;;f;7600118;f;;f;;f;;f;;f;;f;;f;;f;;f;;;;f;;f;;f;;f;NOABE;f;;f;f;;;;;;;;;;;;;;;;;;;;urn:trainline:public:nloc:csv28321
28322;Bleiken;bleiken;7600617;;60.468358;10.500542;;NO;Europe/Oslo;f;f;f;f;f;f;;;f;;f;7600172;f;;f;;f;;f;;f;;f;;f;;f;;f;;;;f;;f;;f;;f;NOABF;f;;f;f;;;;;;;;;;;;;;;;;;;;urn:trainline:public:nloc:csv28322
28323;Eina;eina;7600620;;60.630128;10.597419;;NO;Europe/Oslo;f;f;f;f;f;f;;;f;;f;7600014;f;;f;;f;;f;;f;;f;;f;;f;;f;;;;f;;f;;f;;f;NOABI;f;;f;f;;;;;;;;;;;;;;;;;;;;urn:trainline:public:nloc:csv28323
28324;Raufoss;raufoss;7600622;;60.72189;10.613294;;NO;Europe/Oslo;f;f;f;f;f;f;;;f;;f;7600090;f;;f;;f;;f;;f;;f;;f;;f;;f;;;;f;;f;;f;;f;NOABJ;f;;f;f;;;;;;;;;;;;;;;;;;;;urn:trainline:public:nloc:csv28324
28325;Gjøvik;gjovik;7600626;;60.796761;10.695527;;NO;Europe/Oslo;f;f;f;f;f;f;;;f;;f;7600058;f;;f;;f;;f;;f;;f;;f;;f;;f;;;;f;;f;;f;;f;NOABL;f;;f;f;;;;;;;;;;;;;예비크;;;Йёвик;;;约维克;urn:trainline:public:nloc:csv28325
28326;Lillestrøm;lillestrom;7600207;;59.953411;11.045243;;NO;Europe/Oslo;f;f;f;f;f;f;;;f;;f;7600036;f;;f;;f;;f;;f;;f;;f;;f;;f;;;;f;;f;;f;;f;NOABP;f;;f;f;;;;;;;;;;;;;;;;Лиллестрём;;;利勒斯特罗姆;urn:trainline:public:nloc:csv28326
28327;Jessheim;jessheim;7600212;;60.141987;11.176989;;NO;Europe/Oslo;f;f;f;f;f;f;;;f;;f;7600083;f;;f;;f;;f;;f;;f;;f;;f;;f;;;;f;;f;;f;;f;NOABQ;f;;f;f;;;;;;;;;;;;;;;;Йессхейм;;;;urn:trainline:public:nloc:csv28327
28328;Eidsvoll;eidsvoll;7600216;;60.33085;11.248328;;NO;Europe/Oslo;f;f;f;f;f;f;;;f;;f;7600013;f;;f;;f;;f;;f;;f;;f;;f;;f;;;;f;;f;;f;;f;NOABR;f;;f;f;;;;;;;;;;;;;;;;;;;;urn:trainline:public:nloc:csv28328
28329;Tangen;tangen;7600706;;60.615692;11.270135;;NO;Europe/Oslo;f;f;f;f;f;f;;;f;;f;7600175;f;;f;;f;;f;;f;;f;;f;;f;;f;;;;f;;f;;f;;f;NOABS;f;;f;f;;;;;;;;;;;;;;;;;;;;urn:trainline:public:nloc:csv28329
28330;Stange;stange;7600708;;60.717773;11.195237;;NO;Europe/Oslo;f;f;f;f;f;f;;;f;;f;7600176;f;;f;;f;;f;;f;;f;;f;;f;;f;;;;f;;f;;f;;f;NOABT;f;;f;f;;;;;;;;;;;;;;;;;;;;urn:trainline:public:nloc:csv28330
28331;Hamar;hamar;7600711;;60.791404;11.076912;;NO;Europe/Oslo;f;f;f;f;f;f;;;f;;f;7600024;f;;f;;f;;f;;f;;f;;f;;f;;f;;;;f;;f;;f;;f;NOABU;f;;f;f;;;;;;;;;;;;ハーマル;하마르;;;Хамар;;;哈马尔;urn:trainline:public:nloc:csv28331
28332;Brumunddal;brumunddal;7600716;;60.880208;10.938092;;NO;Europe/Oslo;f;f;f;f;f;f;;;f;;f;7600106;f;;f;;f;;f;;f;;f;;f;;f;;f;;;;f;;f;;f;;f;NOABV;f;;f;f;;;;;;;;;;;;;;;;;;;;urn:trainline:public:nloc:csv28332
28333;Moelv;moelv;7600720;;60.93017;10.698053;;NO;Europe/Oslo;f;f;f;f;f;f;;;f;;f;7600107;f;;f;;f;;f;;f;;f;;f;;f;;f;;;;f;;f;;f;;f;NOABX;f;;f;f;;;;;;;;;;;;;;;;;;;;urn:trainline:public:nloc:csv28333
28334;Lillehammer;lillehammer;7600725;;61.115087;10.461088;;NO;Europe/Oslo;f;f;f;f;f;f;;;f;;f;7600035;f;;f;;f;;f;;f;;f;;f;;f;;f;;;;f;;f;;f;;f;NOABY;f;;f;f;;;;;;;;;;;;リレハンメル;릴레함메르;;;Лиллехаммер;;;利勒哈默尔;urn:trainline:public:nloc:csv28334
28335;Ringebu;ringebu;7600734;;61.529193;10.139238;;NO;Europe/Oslo;f;f;f;f;f;f;;;f;;f;7600108;f;;f;;f;;f;;f;;f;;f;;f;;f;;;;f;;f;;f;;f;NOACC;f;;f;f;;;;;;;;;;;;;;;;;;;;urn:trainline:public:nloc:csv28335
28336;Vinstra;vinstra;7600739;;61.595246;9.747381;;NO;Europe/Oslo;f;f;f;f;f;f;;;f;;f;7600109;f;;f;;f;;f;;f;;f;;f;;f;;f;;;;f;;f;;f;;f;NOACE;f;;f;f;;;;;;;;;;;;;;;;;;;;urn:trainline:public:nloc:csv28336
28337;Kvam;kvam;7600740;;61.664706;9.700987;;NO;Europe/Oslo;f;f;f;f;f;f;;;f;;f;7600184;f;;f;;f;;f;;f;;f;;f;;f;;f;;;;f;;f;;f;;f;NOACF;f;;f;f;;;;;;;;;;;;;;;;;;;;urn:trainline:public:nloc:csv28337
28338;Otta;otta;7600743;;61.772406;9.537213;;NO;Europe/Oslo;f;f;f;f;f;f;;;f;;f;7600054;f;;f;;f;;f;;f;;f;;f;;f;;f;;;;f;;f;;f;;f;NOACG;f;;f;f;;;;;;;;;;;;;;;;;;;;urn:trainline:public:nloc:csv28338
28339;Dovre;dovre;7600746;;61.984182;9.256992;;NO;Europe/Oslo;f;f;f;f;f;f;;;f;;f;7600186;f;;f;;f;;f;;f;;f;;f;;f;;f;;;;f;;f;;f;;f;NOACH;f;;f;f;;;;;;;;;;;;;;;;;;;;urn:trainline:public:nloc:csv28339
28340;Dombas;dombas;7600747;;62.068789;9.125561;;NO;Europe/Oslo;f;f;f;f;f;f;;;f;;f;7600010;f;;f;;f;;f;;f;;f;;f;;f;;f;;;;f;;f;;f;;f;NOACI;f;;f;f;;;;;;;;;;;;;;;;;;;杜姆奥斯;urn:trainline:public:nloc:csv28340
28341;Lesja;lesja;7600801;;62.119138;8.852837;;NO;Europe/Oslo;f;f;f;f;f;f;;;f;;f;7600187;f;;f;;f;;f;;f;;f;;f;;f;;f;;;;f;;f;;f;;f;NOACJ;f;;f;f;;;;;;;;;;;;;;;;;;;;urn:trainline:public:nloc:csv28341
28342;Bjorli;bjorli;7600805;;62.258246;8.201236;;NO;Europe/Oslo;f;f;f;f;f;f;;;f;;f;7600197;f;;f;;f;;f;;f;;f;;f;;f;;f;;;;f;;f;;f;;f;NOACK;f;;f;f;;;;;;;;;;;;;;;;;;;;urn:trainline:public:nloc:csv28342
28343;Åndalsnes;andalsnes;7600810;;62.567205;7.691089;;NO;Europe/Oslo;f;f;f;f;f;f;;;f;;f;7600006;f;;f;;f;;f;;f;;f;;f;;f;;f;;;;f;;f;;f;;f;NOACL;f;;f;f;;;;;;;;;;;;オンダルスネス;;;;;;;翁達爾斯內斯;urn:trainline:public:nloc:csv28343
28344;Hjerkinn;hjerkinn;7601102;;62.215259;9.564486;;NO;Europe/Oslo;f;f;f;f;f;f;;;f;;f;7600110;f;;f;;f;;f;;f;;f;;f;;f;;f;;;;f;;f;;f;;f;NOACO;f;;f;f;;;;;;;;;;;;;;;;;;;;urn:trainline:public:nloc:csv28344
28345;Kongsvoll;kongsvoll;7601103;;62.374467;9.623491;;NO;Europe/Oslo;f;f;f;f;f;f;;;f;;f;7600230;f;;f;;f;;f;;f;;f;;f;;f;;f;;;;f;;f;;f;;f;NOACP;f;;f;f;;;;;;;;;;;;;;;;;;;;urn:trainline:public:nloc:csv28345
28346;Oppdal;oppdal;7601107;;62.613158;9.712161;;NO;Europe/Oslo;f;f;f;f;f;f;;;f;;f;7600111;f;;f;;f;;f;;f;;f;;f;;f;;f;;;;f;;f;;f;;f;NOACQ;f;;f;f;;;;;;;;;;;;;;;;Оппдал;;;奧普達爾;urn:trainline:public:nloc:csv28346
28347;Berkåk;berkak;7601110;;62.841583;10.05767;;NO;Europe/Oslo;f;f;f;f;f;f;;;f;;f;7600112;f;;f;;f;;f;;f;;f;;f;;f;;f;;;;f;;f;;f;;f;NOACS;f;;f;f;;;;;;;;;;;;;;;;;;;;urn:trainline:public:nloc:csv28347
28348;Storen;storen;7601114;;63.05175;10.285304;;NO;Europe/Oslo;f;f;f;f;f;f;;;f;;f;7600236;f;;f;;f;;f;;f;;f;;f;;f;;f;;;;f;;f;;f;;f;NOACT;f;;f;f;;;;;;;;;;;;;;;;;;;斯特倫;urn:trainline:public:nloc:csv28348
28349;Heimdal;heimdal;7601122;;63.351019;10.357622;;NO;Europe/Oslo;f;f;f;f;f;f;;;f;;f;7600113;f;;f;;f;;f;;f;;f;;f;;f;;f;;;;f;;f;;f;;f;NOACU;f;;f;f;;;;;;;;;;;;;;;;;;;;urn:trainline:public:nloc:csv28349
28350;Leangen;leangen;7601201;;63.436956;10.464064;;NO;Europe/Oslo;f;f;f;f;f;f;;;f;;f;7600247;f;;f;;f;;f;;f;;f;;f;;f;;f;;;;f;;f;;f;;f;NOACV;f;;f;f;;;;;;;;;;;;;;;;;;;;urn:trainline:public:nloc:csv28350
28351;Hommelvik;hommelvik;7601207;;63.411786;10.794013;;NO;Europe/Oslo;f;f;f;f;f;f;;;f;;f;7689011;f;;f;;f;;f;;f;;f;;f;;f;;f;;;;f;;f;;f;;f;NOACW;f;;f;f;;;;;;;;;;;;;;;;;;;;urn:trainline:public:nloc:csv28351
28352;Hell;hell;7601208;;63.446332;10.899267;;NO;Europe/Oslo;f;f;f;f;f;f;;;f;;f;7600025;f;;f;;f;;f;;f;;f;;f;;f;;f;;;;f;;f;;f;;f;NOACX;f;;f;f;;;;;;;;;;;;;;;;;;;;urn:trainline:public:nloc:csv28352
28353;Hegra;hegra;7601210;;63.444363;10.984791;;NO;Europe/Oslo;f;f;f;f;f;f;;;f;;f;7689012;f;;f;;f;;f;;f;;f;;f;;f;;f;;;;f;;f;;f;;f;NOACZ;f;;f;f;;;;;;;;;;;;;;;;;;;;urn:trainline:public:nloc:csv28353
28354;Gudå;guda;7601213;;63.456786;11.425289;;NO;Europe/Oslo;f;f;f;f;f;f;;;f;;f;7600249;f;;f;;f;;f;;f;;f;;f;;f;;f;;;;f;;f;;f;;f;NOADC;f;;f;f;;;;;;;;;;;;;;;;;;;;urn:trainline:public:nloc:csv28354
28355;Meraker;meraker;7601214;;63.444948;11.643718;;NO;Europe/Oslo;f;f;f;f;f;f;;;f;;f;7600094;f;;f;;f;;f;;f;;f;;f;;f;;f;;;;f;;f;;f;;f;NOADD;f;;f;f;;;;;;;;;;;;;;;;Мерокер;;;梅羅克;urn:trainline:public:nloc:csv28355
28356;Kopperå;koppera;7601215;;63.434026;11.776489;;NO;Europe/Oslo;f;f;f;f;f;f;;;f;;f;7600093;f;;f;;f;;f;;f;;f;;f;;f;;f;;;;f;;f;;f;;f;NOADE;f;;f;f;;;;;;;;;;;;;;;;;;;;urn:trainline:public:nloc:csv28356
28357;Stjordal;stjordal;7601300;;63.470288;10.913587;;NO;Europe/Oslo;f;f;f;f;f;f;;;f;;f;7600128;f;;f;;f;;f;;f;;f;;f;;f;;f;;;;f;;f;;f;;f;NOADG;f;;f;f;;;;;;;;;;;;;;;;;;;;urn:trainline:public:nloc:csv28357
28358;Skatval;skatval;7601301;;63.50878;10.821178;;NO;Europe/Oslo;f;f;f;f;f;f;;;f;;f;7600252;f;;f;;f;;f;;f;;f;;f;;f;;f;;;;f;;f;;f;;f;NOADH;f;;f;f;;;;;;;;;;;;;;;;;;;;urn:trainline:public:nloc:csv28358
28359;Asen;asen;7601303;;63.609387;11.052641;;NO;Europe/Oslo;f;f;f;f;f;f;;;f;;f;7600254;f;;f;;f;;f;;f;;f;;f;;f;;f;;;;f;;f;;f;;f;NOADJ;f;;f;f;;;;;;;;;;;;;;;;;;;;urn:trainline:public:nloc:csv28359
28360;Ronglan;ronglan;7601304;;63.667152;11.113759;;NO;Europe/Oslo;f;f;f;f;f;f;;;f;;f;7600255;f;;f;;f;;f;;f;;f;;f;;f;;f;;;;f;;f;;f;;f;NOADK;f;;f;f;;;;;;;;;;;;;;;;;;;;urn:trainline:public:nloc:csv28360
28361;Skogn;skogn;7601305;;63.705725;11.194482;;NO;Europe/Oslo;f;f;f;f;f;f;;;f;;f;7600256;f;;f;;f;;f;;f;;f;;f;;f;;f;;;;f;;f;;f;;f;NOADL;f;;f;f;;;;;;;;;;;;;;;;;;;;urn:trainline:public:nloc:csv28361
28362;Levanger;levanger;7601306;;63.74472;11.300708;;NO;Europe/Oslo;f;f;f;f;f;f;;;f;;f;7600034;f;;f;;f;;f;;f;;f;;f;;f;;f;;;;f;;f;;f;;f;NOADM;f;;f;f;;;;;;;;;;;;;레방에르;;;Левангер;;;莱旺厄尔;urn:trainline:public:nloc:csv28362
28363;Verdal;verdal;7601308;;63.790879;11.484573;;NO;Europe/Oslo;f;f;f;f;f;f;;;f;;f;7600129;f;;f;;f;;f;;f;;f;;f;;f;;f;;;;f;;f;;f;;f;NOADN;f;;f;f;;;;;;;;;;;;;;;;;;;;urn:trainline:public:nloc:csv28363
28364;Rora;rora;7601310;;63.85695;11.401585;;NO;Europe/Oslo;f;f;f;f;f;f;;;f;;f;7600258;f;;f;;f;;f;;f;;f;;f;;f;;f;;;;f;;f;;f;;f;NOADO;f;;f;f;;;;;;;;;;;;;;;;;;;;urn:trainline:public:nloc:csv28364
28365;Sparbu;sparbu;7601311;;63.919218;11.428354;;NO;Europe/Oslo;f;f;f;f;f;f;;;f;;f;7600259;f;;f;;f;;f;;f;;f;;f;;f;;f;;;;f;;f;;f;;f;NOADP;f;;f;f;;;;;;;;;;;;;;;;;;;;urn:trainline:public:nloc:csv28365
28366;Steinkjer;steinkjer;7601314;;64.011987;11.494866;;NO;Europe/Oslo;f;f;f;f;f;f;;;f;;f;7600040;f;;f;;f;;f;;f;;f;;f;;f;;f;;;;f;;f;;f;;f;NOADQ;f;;f;f;;;;;;;;;;;;;;;;;;;;urn:trainline:public:nloc:csv28366
28367;Jorstad;jorstad;7601320;;64.184032;12.209041;;NO;Europe/Oslo;f;f;f;f;f;f;;;f;;f;7600261;f;;f;;f;;f;;f;;f;;f;;f;;f;;;;f;;f;;f;;f;NOADR;f;;f;f;;;;;;;;;;;;;;;;;;;;urn:trainline:public:nloc:csv28367
28368;Snasa;snasa;7601321;;64.243999;12.397347;;NO;Europe/Oslo;f;f;f;f;f;f;;;f;;f;7600262;f;;f;;f;;f;;f;;f;;f;;f;;f;;;;f;;f;;f;;f;NOADS;f;;f;f;;;;;;;;;;;;;;;;;;;;urn:trainline:public:nloc:csv28368
28369;Grong;grong;7601325;;64.445096;12.379153;;NO;Europe/Oslo;f;f;f;f;f;f;;;f;;f;7600023;f;;f;;f;;f;;f;;f;;f;;f;;f;;;;f;;f;;f;;f;NOADT;f;;f;f;;;;;;;;;;;;;;;;;;;;urn:trainline:public:nloc:csv28369
28370;Harran;harran;7601335;;64.595045;12.435362;;NO;Europe/Oslo;f;f;f;f;f;f;;;f;;f;7600263;f;;f;;f;;f;;f;;f;;f;;f;;f;;;;f;;f;;f;;f;NOADV;f;;f;f;;;;;;;;;;;;;;;;;;;;urn:trainline:public:nloc:csv28370
28371;Lassemoen;lassemoen;7601337;;64.682394;12.660973;;NO;Europe/Oslo;f;f;f;f;f;f;;;f;;f;7600264;f;;f;;f;;f;;f;;f;;f;;f;;f;;;;f;;f;;f;;f;NOADW;f;;f;f;;;;;;;;;;;;;;;;;;;;urn:trainline:public:nloc:csv28371
28372;Namsskogan;namsskogan;7601341;;64.924428;13.151407;;NO;Europe/Oslo;f;f;f;f;f;f;;;f;;f;7600266;f;;f;;f;;f;;f;;f;;f;;f;;f;;;;f;;f;;f;;f;NOADY;f;;f;f;;;;;;;;;;;;;;;;;;;;urn:trainline:public:nloc:csv28372
28373;Majavatn;majavatn;7601344;;65.143738;13.401199;;NO;Europe/Oslo;f;f;f;f;f;f;;;f;;f;7600267;f;;f;;f;;f;;f;;f;;f;;f;;f;;;;f;;f;;f;;f;NOADZ;f;;f;f;;;;;;;;;;;;;;;;;;;;urn:trainline:public:nloc:csv28373
28374;Svenningdal;svenningdal;7601347;;65.434039;13.394497;;NO;Europe/Oslo;f;f;f;f;f;f;;;f;;f;7600268;f;;f;;f;;f;;f;;f;;f;;f;;f;;;;f;;f;;f;;f;NOAEB;f;;f;f;;;;;;;;;;;;;;;;;;;;urn:trainline:public:nloc:csv28374
28375;Trofors;trofors;7601348;;65.535083;13.399842;;NO;Europe/Oslo;f;f;f;f;f;f;;;f;;f;7600269;f;;f;;f;;f;;f;;f;;f;;f;;f;;;;f;;f;;f;;f;NOAEC;f;;f;f;;;;;;;;;;;;;;;;;;;;urn:trainline:public:nloc:csv28375
28376;Mosjøen;mosjoen;7601352;;65.844654;13.199922;;NO;Europe/Oslo;f;f;f;f;f;f;;;f;;f;7600048;f;;f;;f;;f;;f;;f;;f;;f;;f;;;;f;;f;;f;;f;NOAEE;f;;f;f;;;;;;;;;;;;;;;;Мушёэн;;;莫舍恩;urn:trainline:public:nloc:csv28376
28377;Bjerka;bjerka;7601361;;66.149226;13.831719;;NO;Europe/Oslo;f;f;f;f;f;f;;;f;;f;7600271;f;;f;;f;;f;;f;;f;;f;;f;;f;;;;f;;f;;f;;f;NOAEG;f;;f;f;;;;;;;;;;;;;;;;;;;;urn:trainline:public:nloc:csv28377
28378;Mo i Rana;mo-i-rana;7601364;;66.308992;14.132265;;NO;Europe/Oslo;f;f;f;f;f;f;;;f;;f;7600047;f;;f;;f;;f;;f;;f;;f;;f;;f;;;;f;;f;;f;;f;NOAEI;f;;f;f;;;;;;;;;;;;モー・イ・ラーナ;모이라나;;;Му-и-Рана;;;摩城;urn:trainline:public:nloc:csv28378
28379;Dunderland;dunderland;7601370;;66.44587;14.837253;;NO;Europe/Oslo;f;f;f;f;f;f;;;f;;f;7600272;f;;f;;f;;f;;f;;f;;f;;f;;f;;;;f;;f;;f;;f;NOAEJ;f;;f;f;;;;;;;;;;;;;;;;;;;;urn:trainline:public:nloc:csv28379
28380;Lønsdal;lonsdal;7601376;;66.74282;15.463316;;NO;Europe/Oslo;f;f;f;f;f;f;;;f;;f;7600275;f;;f;;f;;f;;f;;f;;f;;f;;f;;;;f;;f;;f;;f;NOAEM;f;;f;f;;;;;;;;;;;;;;;;;;;;urn:trainline:public:nloc:csv28380
28381;Røkland;rokland;7601380;;66.986706;15.320135;;NO;Europe/Oslo;f;f;f;f;f;f;;;f;;f;7600276;f;;f;;f;;f;;f;;f;;f;;f;;f;;;;f;;f;;f;;f;NOAEN;f;;f;f;;;;;;;;;;;;;;;;;;;;urn:trainline:public:nloc:csv28381
28382;Rognan;rognan;7601382;;67.093238;15.396544;;NO;Europe/Oslo;f;f;f;f;f;f;;;f;;f;7600277;f;;f;;f;;f;;f;;f;;f;;f;;f;;;;f;;f;;f;;f;NOAEO;f;;f;f;;;;;;;;;;;;;;;;;;;;urn:trainline:public:nloc:csv28382
28383;Fauske;fauske;7601385;;67.264257;15.399663;;NO;Europe/Oslo;f;f;f;f;f;f;;;f;;f;7600017;f;;f;;f;;f;;f;;f;;f;;f;;f;;;;f;;f;;f;;f;NOAEP;f;;f;f;;;;;;;;;;;;;;;;Фауске;;;;urn:trainline:public:nloc:csv28383
28384;Bodø;bodo;7601388;;67.286533;14.390732;;NO;Europe/Oslo;f;f;f;f;f;f;;;f;;f;7600008;f;;f;;f;;f;;f;;f;;f;;f;;f;;;;f;;f;;f;;f;NOAEQ;f;;f;f;;;;;;;;;;;;ボードー;보되;;;Бодо;;;博德;urn:trainline:public:nloc:csv28384
28385;Ilseng;ilseng;7600904;;60.777012;11.222439;;NO;Europe/Oslo;f;f;f;f;f;f;;;f;;f;7600198;f;;f;;f;;f;;f;;f;;f;;f;;f;;;;f;;f;;f;;f;NOAER;f;;f;f;;;;;;;;;;;;;;;;;;;;urn:trainline:public:nloc:csv28385
28386;Loten;loten;7600907;;60.818704;11.342112;;NO;Europe/Oslo;f;f;f;f;f;f;;;f;;f;7600200;f;;f;;f;;f;;f;;f;;f;;f;;f;;;;f;;f;;f;;f;NOAES;f;;f;f;;;;;;;;;;;;;;;;;;;;urn:trainline:public:nloc:csv28386
28387;Elverum;elverum;7600909;;60.882905;11.546742;;NO;Europe/Oslo;f;f;f;f;f;f;;;f;;f;7600015;f;;f;;f;;f;;f;;f;;f;;f;;f;;;;f;;f;;f;;f;NOAET;f;;f;f;;;;;;;;;;;;;;;;Эльверум;;;埃尔沃吕姆;urn:trainline:public:nloc:csv28387
28388;Rudstad;rudstad;7600912;;61.008296;11.40332;;NO;Europe/Oslo;f;f;f;f;f;f;;;f;;f;7600201;f;;f;;f;;f;;f;;f;;f;;f;;f;;;;f;;f;;f;;f;NOAEU;f;;f;f;;;;;;;;;;;;;;;;;;;;urn:trainline:public:nloc:csv28388
28389;Rena;rena;7600914;;61.133398;11.369223;;NO;Europe/Oslo;f;f;f;f;f;f;;;f;;f;7600114;f;;f;;f;;f;;f;;f;;f;;f;;f;;;;f;;f;;f;;f;NOAEV;f;;f;f;;;;;;;;;;;;;;;;;;;;urn:trainline:public:nloc:csv28389
28390;Steinvik;steinvik;7600915;;61.252047;11.325095;;NO;Europe/Oslo;f;f;f;f;f;f;;;f;;f;7600202;f;;f;;f;;f;;f;;f;;f;;f;;f;;;;f;;f;;f;;f;NOAEW;f;;f;f;;;;;;;;;;;;;;;;;;;;urn:trainline:public:nloc:csv28390
28391;Opphus;opphus;7600916;;61.332617;11.260975;;NO;Europe/Oslo;f;f;f;f;f;f;;;f;;f;7600203;f;;f;;f;;f;;f;;f;;f;;f;;f;;;;f;;f;;f;;f;NOAEX;f;;f;f;;;;;;;;;;;;;;;;;;;;urn:trainline:public:nloc:csv28391
28392;Stai;stai;7600919;;61.493767;11.058583;;NO;Europe/Oslo;f;f;f;f;f;f;;;f;;f;7600206;f;;f;;f;;f;;f;;f;;f;;f;;f;;;;f;;f;;f;;f;NOAEZ;f;;f;f;;;;;;;;;;;;;;;;;;;;urn:trainline:public:nloc:csv28392
28393;Koppang;koppang;7600920;;61.57342;11.044668;;NO;Europe/Oslo;f;f;f;f;f;f;;;f;;f;7600115;f;;f;;f;;f;;f;;f;;f;;f;;f;;;;f;;f;;f;;f;NOAFA;f;;f;f;;;;;;;;;;;;;;;;;;;;urn:trainline:public:nloc:csv28393
28394;Atna;atna;7600922;;61.73235;10.834051;;NO;Europe/Oslo;f;f;f;f;f;f;;;f;;f;7600207;f;;f;;f;;f;;f;;f;;f;;f;;f;;;;f;;f;;f;;f;NOAFB;f;;f;f;;;;;;;;;;;;;;;;;;;;urn:trainline:public:nloc:csv28394
28395;Hanestad;hanestad;7600923;;61.838791;10.88172;;NO;Europe/Oslo;f;f;f;f;f;f;;;f;;f;7600208;f;;f;;f;;f;;f;;f;;f;;f;;f;;;;f;;f;;f;;f;NOAFC;f;;f;f;;;;;;;;;;;;;;;;;;;;urn:trainline:public:nloc:csv28395
28396;Bellingmo;bellingmo;7600925;;62.032464;10.781167;;NO;Europe/Oslo;f;f;f;f;f;f;;;f;;f;7600210;f;;f;;f;;f;;f;;f;;f;;f;;f;;;;f;;f;;f;;f;NOAFE;f;;f;f;;;;;;;;;;;;;;;;;;;;urn:trainline:public:nloc:csv28396
28397;Alvdal;alvdal;7600926;;62.108962;10.633519;;NO;Europe/Oslo;f;f;f;f;f;f;;;f;;f;7600211;f;;f;;f;;f;;f;;f;;f;;f;;f;;;;f;;f;;f;;f;NOAFF;f;;f;f;;;;;;;;;;;;;;;;;;;;urn:trainline:public:nloc:csv28397
28398;Auma;auma;7600927;;62.221138;10.659031;;NO;Europe/Oslo;f;f;f;f;f;f;;;f;;f;7600213;f;;f;;f;;f;;f;;f;;f;;f;;f;;;;f;;f;;f;;f;NOAFG;f;;f;f;;;;;;;;;;;;;;;;;;;;urn:trainline:public:nloc:csv28398
28399;Tynset;tynset;7600928;;62.274912;10.77678;;NO;Europe/Oslo;f;f;f;f;f;f;;;f;;f;7600044;f;;f;;f;;f;;f;;f;;f;;f;;f;;;;f;;f;;f;;f;NOAFH;f;;f;f;;;;;;;;;;;;;;;;Тюнсет;;;廷瑟;urn:trainline:public:nloc:csv28399
28400;Tolga;tolga;7601002;;62.408473;10.998077;;NO;Europe/Oslo;f;f;f;f;f;f;;;f;;f;7600214;f;;f;;f;;f;;f;;f;;f;;f;;f;;;;f;;f;;f;;f;NOAFI;f;;f;f;;;;;;;;;;;;;;;;;;;;urn:trainline:public:nloc:csv28400
28401;Os;os;7601004;;62.497422;11.22714;;NO;Europe/Oslo;f;f;f;f;f;f;;;f;;f;7600215;f;;f;;f;;f;;f;;f;;f;;f;;f;;;;f;;f;;f;;f;NOAFJ;f;;f;f;;;;;;;;;;;;;;;;;;;;urn:trainline:public:nloc:csv28401
28402;Røros;roros;7601006;;62.574459;11.378986;;NO;Europe/Oslo;f;f;f;f;f;f;;;f;;f;7600217;f;;f;;f;;f;;f;;f;;f;;f;;f;;;;f;;f;;f;;f;NOAFK;f;;f;f;;;;;;;;;;;;レーロース;;;;Рёрус;;;勒羅斯;urn:trainline:public:nloc:csv28402
28403;Glåmos;glamos;7601008;;62.674203;11.417082;;NO;Europe/Oslo;f;f;f;f;f;f;;;f;;f;7600218;f;;f;;f;;f;;f;;f;;f;;f;;f;;;;f;;f;;f;;f;NOAFL;f;;f;f;;;;;;;;;;;;;;;;;;;;urn:trainline:public:nloc:csv28403
28404;Reitan;reitan;7601011;;62.808044;11.378788;;NO;Europe/Oslo;f;f;f;f;f;f;;;f;;f;7600220;f;;f;;f;;f;;f;;f;;f;;f;;f;;;;f;;f;;f;;f;NOAFM;f;;f;f;;;;;;;;;;;;;;;;;;;;urn:trainline:public:nloc:csv28404
28405;Haltdalen;haltdalen;7601014;;62.928652;11.143486;;NO;Europe/Oslo;f;f;f;f;f;f;;;f;;f;7600223;f;;f;;f;;f;;f;;f;;f;;f;;f;;;;f;;f;;f;;f;NOAFN;f;;f;f;;;;;;;;;;;;;;;;;;;;urn:trainline:public:nloc:csv28405
28406;Singsås;singsas;7601017;;62.956141;10.72965;;NO;Europe/Oslo;f;f;f;f;f;f;;;f;;f;7600226;f;;f;;f;;f;;f;;f;;f;;f;;f;;;;f;;f;;f;;f;NOAFO;f;;f;f;;;;;;;;;;;;;;;;;;;;urn:trainline:public:nloc:csv28406
28407;Sandvika;sandvika;7601408;;59.892887;10.525451;;NO;Europe/Oslo;f;f;f;f;f;f;;;f;;f;7600281;f;;f;;f;;f;;f;;f;;f;;f;;f;;;;f;;f;;f;;f;NOAFR;f;;f;f;;;;;;;;;;;;;;;;Сандвика;;;;urn:trainline:public:nloc:csv28407
28408;Asker;asker;7601413;;59.833037;10.434094;;NO;Europe/Oslo;f;f;f;f;f;f;;;f;;f;7600119;f;;f;;f;;f;;f;;f;;f;;f;;f;;;;f;;f;;f;;f;NOAFS;f;;f;f;;;;;;;;;;;;アスケー;아스케르;;;Аскер;;;阿斯克尔;urn:trainline:public:nloc:csv28408
28409;Drammen;drammen;7601421;;59.740322;10.20415;;NO;Europe/Oslo;f;f;f;f;f;f;;;f;;f;7600011;f;;f;NOXND;t;;f;;f;;f;;f;;f;;f;;;;f;;f;;f;;f;NOAFT;f;;f;f;;;;;;;;;;;;ドランメン;드람멘;;;Драммен;;;德拉门;urn:trainline:public:nloc:csv28409
28410;Mjøndalen;mjondalen;7601603;;59.750777;10.011843;;NO;Europe/Oslo;f;f;f;f;f;f;;;f;;f;7600296;f;;f;;f;;f;;f;;f;;f;;f;;f;;;;f;;f;;f;;f;NOAFU;f;;f;f;;;;;;;;;;;;;;;;;;;;urn:trainline:public:nloc:csv28410
28411;Hokksund;hokksund;7601605;;59.767577;9.909591;;NO;Europe/Oslo;f;f;f;f;f;f;;;f;;f;7600027;f;;f;;f;;f;;f;;f;;f;;f;;f;;;;f;;f;;f;;f;NOAFV;f;;f;f;;;;;;;;;;;;;;;;;;;;urn:trainline:public:nloc:csv28411
28412;Kongsberg;kongsberg;7601631;;59.671986;9.650639;;NO;Europe/Oslo;f;f;f;f;f;f;;;f;;f;7600030;f;;f;;f;;f;;f;;f;;f;;f;;f;;;;f;;f;;f;;f;NOAFW;f;;f;f;;;;;;;;;;;;;;;;Конгсберг;;;;urn:trainline:public:nloc:csv28412
28413;Nordagutu;nordagutu;7601810;;59.418032;9.323719;;NO;Europe/Oslo;f;f;f;f;f;f;;;f;;f;7600052;f;;f;;f;;f;;f;;f;;f;;f;;f;;;;f;;f;;f;;f;NOAFY;f;;f;f;;;;;;;;;;;;;;;;;;;;urn:trainline:public:nloc:csv28413
28414;Bo;bo;7602002;;59.409546;9.068048;;NO;Europe/Oslo;f;f;f;f;f;f;;;f;;f;7600318;f;;f;;f;;f;;f;;f;;f;;f;;f;;;;f;;f;;f;;f;NOAFZ;f;;f;f;;;;;;;;;;;;;;;;;;;;urn:trainline:public:nloc:csv28414
28415;Lunde;lunde;7602005;;59.299159;9.101002;;NO;Europe/Oslo;f;f;f;f;f;f;;;f;;f;7600319;f;;f;;f;;f;;f;;f;;f;;f;;f;;;;f;;f;;f;;f;NOAGA;f;;f;f;;;;;;;;;;;;;;;;;;;;urn:trainline:public:nloc:csv28415
28416;Drangedal;drangedal;7602103;;59.096101;9.064048;;NO;Europe/Oslo;f;f;f;f;f;f;;;f;;f;7600326;f;;f;;f;;f;;f;;f;;f;;f;;f;;;;f;;f;;f;;f;NOAGC;f;;f;f;;;;;;;;;;;;;;;;;;;;urn:trainline:public:nloc:csv28416
28417;Neslandsvatn;neslandsvatn;7602105;;58.971259;9.156223;;NO;Europe/Oslo;f;f;f;f;f;f;;;f;;f;7600051;f;;f;;f;;f;;f;;f;;f;;f;;f;;;;f;;f;;f;;f;NOAGD;f;;f;f;;;;;;;;;;;;;;;;;;;;urn:trainline:public:nloc:csv28417
28418;Gjerstad;gjerstad;7602107;;58.870184;9.023012;;NO;Europe/Oslo;f;f;f;f;f;f;;;f;;f;7600327;f;;f;;f;;f;;f;;f;;f;;f;;f;;;;f;;f;;f;;f;NOAGE;f;;f;f;;;;;;;;;;;;;;;;;;;;urn:trainline:public:nloc:csv28418
28419;Vegårshei;vegarshei;7602110;;58.760839;8.855453;;NO;Europe/Oslo;f;f;f;f;f;f;;;f;;f;7600328;f;;f;;f;;f;;f;;f;;f;;f;;f;;;;f;;f;;f;;f;NOAGF;f;;f;f;;;;;;;;;;;;;;;;;;;;urn:trainline:public:nloc:csv28419
28420;Nelaug;nelaug;7602113;;58.655962;8.633779;;NO;Europe/Oslo;f;f;f;f;f;f;;;f;;f;7600050;f;;f;;f;;f;;f;;f;;f;;f;;f;;;;f;;f;;f;;f;NOAGH;f;;f;f;;;;;;;;;;;;;;;;;;;;urn:trainline:public:nloc:csv28420
28421;Vennesla;vennesla;7602124;;58.25365;7.968496;;NO;Europe/Oslo;f;f;f;f;f;f;;;f;;f;7600331;f;;f;;f;;f;;f;;f;;f;;f;;f;;;;f;;f;;f;;f;NOAGN;f;;f;f;;;;;;;;;;;;;;;;;;;;urn:trainline:public:nloc:csv28421
28422;Kristiansand;kristiansand;7602130;;58.145645;7.987275;;NO;Europe/Oslo;f;f;f;f;f;f;;;f;;f;7600069;f;;f;;f;;f;;f;;f;;f;;f;;f;;;;f;;f;;f;;f;NOAGO;f;;f;f;;;;;;;;;;;;;;;;Кристиансанн;;;克里斯蒂安桑;urn:trainline:public:nloc:csv28422
28423;Nodeland;nodeland;7602175;;58.157564;7.834791;;NO;Europe/Oslo;f;f;f;f;f;f;;;f;;f;7600338;f;;f;;f;;f;;f;;f;;f;;f;;f;;;;f;;f;;f;;f;NOAGP;f;;f;f;;;;;;;;;;;;;;;;;;;;urn:trainline:public:nloc:csv28423
28424;Breland;breland;7602176;;58.199823;7.720933;;NO;Europe/Oslo;f;f;f;f;f;f;;;f;;f;7600339;f;;f;;f;;f;;f;;f;;f;;f;;f;;;;f;;f;;f;;f;NOAGQ;f;;f;f;;;;;;;;;;;;;;;;;;;;urn:trainline:public:nloc:csv28424
28425;Marnardal;marnardal;7602178;;58.214241;7.512887;;NO;Europe/Oslo;f;f;f;f;f;f;;;f;;f;7600340;f;;f;;f;;f;;f;;f;;f;;f;;f;;;;f;;f;;f;;f;NOAGR;f;;f;f;;;;;;;;;;;;;;;;;;;;urn:trainline:public:nloc:csv28425
28426;Audnedal;audnedal;7602180;;58.318759;7.367289;;NO;Europe/Oslo;f;f;f;f;f;f;;;f;;f;7600341;f;;f;;f;;f;;f;;f;;f;;f;;f;;;;f;;f;;f;;f;NOAGS;f;;f;f;;;;;;;;;;;;;;;;;;;;urn:trainline:public:nloc:csv28426
28427;Snartemo;snartemo;7602181;;58.331811;7.211002;;NO;Europe/Oslo;f;f;f;f;f;f;;;f;;f;7600125;f;;f;;f;;f;;f;;f;;f;;f;;f;;;;f;;f;;f;;f;NOAGT;f;;f;f;;;;;;;;;;;;;;;;;;;;urn:trainline:public:nloc:csv28427
28428;Storekvina;storekvina;7602183;;58.380461;6.956715;;NO;Europe/Oslo;f;f;f;f;f;f;;;f;;f;7600342;f;;f;;f;;f;;f;;f;;f;;f;;f;;;;f;;f;;f;;f;NOAGV;f;;f;f;;;;;;;;;;;;;;;;;;;;urn:trainline:public:nloc:csv28428
28429;Gyland;gyland;7602184;;58.385207;6.8408;;NO;Europe/Oslo;f;f;f;f;f;f;;;f;;f;7600343;f;;f;;f;;f;;f;;f;;f;;f;;f;;;;f;;f;;f;;f;NOAGW;f;;f;f;;;;;;;;;;;;;;;;;;;;urn:trainline:public:nloc:csv28429
28430;Sira;sira;7602203;;58.417865;6.661033;;NO;Europe/Oslo;f;f;f;f;f;f;;;f;;f;7600037;f;;f;;f;;f;;f;;f;;f;;f;;f;;;;f;;f;;f;;f;NOAGY;f;;f;f;;;;;;;;;;;;;;;;;;;;urn:trainline:public:nloc:csv28430
28431;Moi;moi;7602204;;58.458101;6.551329;;NO;Europe/Oslo;f;f;f;f;f;f;;;f;;f;7600126;f;;f;;f;;f;;f;;f;;f;;f;;f;;;;f;;f;;f;;f;NOAGZ;f;;f;f;;;;;;;;;;;;;;;;;;;;urn:trainline:public:nloc:csv28431
28432;Egersund;egersund;7602212;;58.461337;6.001459;;NO;Europe/Oslo;f;f;f;f;f;f;;;f;;f;7600012;f;;f;;f;;f;;f;;f;;f;;f;;f;;;;f;;f;;f;;f;NOAHD;f;;f;f;;;;;;;;;;;;;;;;;;;埃格尔松;urn:trainline:public:nloc:csv28432
28433;Vigrestad;vigrestad;7602219;;58.570313;5.688014;;NO;Europe/Oslo;f;f;f;f;f;f;;;f;;f;7600348;f;;f;;f;;f;;f;;f;;f;;f;;f;;;;f;;f;;f;;f;NOAHE;f;;f;f;;;;;;;;;;;;;;;;;;;;urn:trainline:public:nloc:csv28433
28434;Narbo;narbo;7602221;;58.666084;5.64074;;NO;Europe/Oslo;f;f;f;f;f;f;;;f;;f;7600350;f;;f;;f;;f;;f;;f;;f;;f;;f;;;;f;;f;;f;;f;NOAHF;f;;f;f;;;;;;;;;;;;;;;;;;;;urn:trainline:public:nloc:csv28434
28435;Bryne;bryne;7602223;;58.734852;5.64954;;NO;Europe/Oslo;f;f;f;f;f;f;;;f;;f;7600127;f;;f;;f;;f;;f;;f;;f;;f;;f;;;;f;;f;;f;;f;NOAHG;f;;f;f;;;;;;;;;;;;;;;;;;;;urn:trainline:public:nloc:csv28435
28436;Sandnes;sandnes;7602226;;58.84728;5.734066;;NO;Europe/Oslo;f;f;f;f;f;f;;;f;;f;7600071;f;;f;;f;;f;;f;;f;;f;;f;;f;;;;f;;f;;f;;f;NOAHH;f;;f;f;;;;;;;;;;;;;;;;;;;;urn:trainline:public:nloc:csv28436
28437;Stavanger;stavanger;7602234;;58.966773;5.731657;;NO;Europe/Oslo;f;f;f;f;f;f;;;f;;f;7600039;f;;f;;f;;f;;f;;f;;f;;f;;f;;;;f;;f;;f;;f;NOAHI;f;;f;f;;;;;;;;;;;;スタヴァンゲル;;;;;;;;urn:trainline:public:nloc:csv28437
28438;Vikersund;vikersund;7601612;;59.969682;9.997991;;NO;Europe/Oslo;f;f;f;f;f;f;;;f;;f;7600302;f;;f;;f;;f;;f;;f;;f;;f;;f;;;;f;;f;;f;;f;NOAHJ;f;;f;f;;;;;;;;;;;;ヴィケルスン;;;;Викерсунд;;;;urn:trainline:public:nloc:csv28438
28439;Flaten;flaten;7602136;;58.639054;8.681557;;NO;Europe/Oslo;f;f;f;f;f;f;;;f;;f;7600405;f;;f;;f;;f;;f;;f;;f;;f;;f;;;;f;;f;;f;;f;NOAHK;f;;f;f;;;;;;;;;;;;;;;;;;;;urn:trainline:public:nloc:csv28439
28440;Froland;froland;7602140;;58.530383;8.654211;;NO;Europe/Oslo;f;f;f;f;f;f;;;f;;f;7600334;f;;f;;f;;f;;f;;f;;f;;f;;f;;;;f;;f;;f;;f;NOAHM;f;;f;f;;;;;;;;;;;;;;;;;;;;urn:trainline:public:nloc:csv28440
28441;Rise;rise;7602142;;58.468429;8.624143;;NO;Europe/Oslo;f;f;f;f;f;f;;;f;;f;7600336;f;;f;;f;;f;;f;;f;;f;;f;;f;;;;f;;f;;f;;f;NOAHN;f;;f;f;;;;;;;;;;;;;;;;;;;;urn:trainline:public:nloc:csv28441
28442;Arendal;arendal;7602146;;58.464825;8.769786;;NO;Europe/Oslo;f;f;f;f;f;f;;;f;;f;7600075;f;;f;;f;;f;;f;;f;;f;;f;;f;;;;f;;f;;f;;f;NOAHO;f;;f;f;;;;;;;;;;;;アーレンダール;아렌달;;;Арендал;;;阿伦达尔;urn:trainline:public:nloc:csv28442
28443;Sande;sande;7601502;;59.586966;10.203502;;NO;Europe/Oslo;f;f;f;f;f;f;;;f;;f;7600290;f;;f;;f;;f;;f;;f;;f;;f;;f;;;;f;;f;;f;;f;NOAHP;f;;f;f;;;;;;;;;;;;;;;;;;;;urn:trainline:public:nloc:csv28443
28444;Holmestrand;holmestrand;7601505;;59.491986;10.312362;;NO;Europe/Oslo;f;f;f;f;f;f;;;f;;f;7600028;f;;f;;f;;f;;f;;f;;f;;f;;f;;;;f;;f;;f;;f;NOAHQ;f;;f;f;;;;;;;;;;;;;;;;;;;;urn:trainline:public:nloc:csv28444
28445;Skoppum;skoppum;7601507;;59.391352;10.411045;;NO;Europe/Oslo;f;f;f;f;f;f;;;f;;f;7600038;f;;f;;f;;f;;f;;f;;f;;f;;f;;;;f;;f;;f;;f;NOAHR;f;;f;f;;;;;;;;;;;;;;;;;;;;urn:trainline:public:nloc:csv28445
28446;Tønsberg;tonsberg;7601510;;59.27149;10.409733;;NO;Europe/Oslo;f;f;f;f;f;f;;;f;;f;7600042;f;;f;;f;;f;;f;;f;;f;;f;;f;;;;f;;f;;f;;f;NOAHS;f;;f;f;;;;;;;;;;;;トンスベルグ;퇸스베르그;;;Тёнсберг;;;滕斯贝格;urn:trainline:public:nloc:csv28446
28447;Stokke;stokke;7601512;;59.221285;10.300226;;NO;Europe/Oslo;f;f;f;f;f;f;;;f;;f;7600291;f;;f;;f;;f;;f;;f;;f;;f;;f;;;;f;;f;;f;;f;NOAHT;f;;f;f;;;;;;;;;;;;;;;;;;;;urn:trainline:public:nloc:csv28447
28448;Sandefjord;sandefjord;7601514;;59.135024;10.22416;;NO;Europe/Oslo;f;f;f;f;f;f;;;f;;f;7600065;f;;f;;f;;f;;f;;f;;f;;f;;f;;;;f;;f;;f;;f;NOAHU;f;;f;f;;;;;;;;;;;;;산네피오르;;;Саннефьорд;;;桑德尔福德;urn:trainline:public:nloc:csv28448
28449;Larvik;larvik;7601519;;59.050022;10.032015;;NO;Europe/Oslo;f;f;f;f;f;f;;;f;;f;7600033;f;;f;;f;;f;;f;;f;;f;;f;;f;;;;f;;f;;f;;f;NOAHV;f;;f;f;;;;;;;;;;;;ラルヴィク;라르비크;;;Ларвик;;;拉尔维克;urn:trainline:public:nloc:csv28449
28450;Porsgrunn;porsgrunn;7601821;;59.139222;9.659134;;NO;Europe/Oslo;f;f;f;f;f;f;;;f;;f;7600072;f;;f;;f;;f;;f;;f;;f;;f;;f;;;;f;;f;;f;;f;NOAHX;f;;f;f;;;;;;;;;;;;;포르스그룬;;;;;;波什格伦;urn:trainline:public:nloc:csv28450
28451;Skien;skien;7601815;;59.219325;9.603805;;NO;Europe/Oslo;f;f;f;f;f;f;;;f;;f;7600055;f;;f;;f;;f;;f;;f;;f;;f;;f;;;;f;;f;;f;;f;NOAHZ;f;;f;f;;;;;;;;;;;;シーエン;시엔;;;Шиен;;;希恩;urn:trainline:public:nloc:csv28451
28452;Honefoss;honefoss;7601617;;60.16909;10.245707;;NO;Europe/Oslo;f;f;f;f;f;f;;;f;;f;7600029;f;;f;;f;;f;;f;;f;;f;;f;;f;;;;f;;f;;f;;f;NOAIC;f;;f;f;;;;;;;;;;;;;회네포스;;;Хёнефосс;;;赫讷福斯;urn:trainline:public:nloc:csv28452
28453;Flå;fla;7602307;;60.4325;9.472796;;NO;Europe/Oslo;f;f;f;f;f;f;;;f;;f;7600356;f;;f;;f;;f;;f;;f;;f;;f;;f;;;;f;;f;;f;;f;NOAIE;f;;f;f;;;;;;;;;;;;;;;;;;;;urn:trainline:public:nloc:csv28453
28454;Nesbyen;nesbyen;7602313;;60.57782;9.111816;;NO;Europe/Oslo;f;f;f;f;f;f;;;f;;f;7600120;f;;f;;f;;f;;f;;f;;f;;f;;f;;;;f;;f;;f;;f;NOAIG;f;;f;f;;;;;;;;;;;;;;;;;;;;urn:trainline:public:nloc:csv28454
28455;Gol;gol;7602315;;60.69895;8.970182;;NO;Europe/Oslo;f;f;f;f;f;f;;;f;;f;7600371;f;;f;;f;;f;;f;;f;;f;;f;;f;;;;f;;f;;f;;f;NOAIH;f;;f;f;;;;;;;;;;;;;;;;;;;;urn:trainline:public:nloc:csv28455
28456;Al;al;7602317;;60.626038;8.561757;;NO;Europe/Oslo;f;f;f;f;f;f;;;f;;f;7600372;f;;f;;f;;f;;f;;f;;f;;f;;f;;;;f;;f;;f;;f;NOAIJ;f;;f;f;;;;;;;;;;;;オール;;;;Ол;;;奧爾;urn:trainline:public:nloc:csv28456
28457;Geilo;geilo;7602319;;60.534951;8.206881;;NO;Europe/Oslo;f;f;f;f;f;f;;;f;;f;7600021;f;;f;;f;;f;;f;;f;;f;;f;;f;;;;f;;f;;f;;f;NOAIK;f;;f;f;;;;;;;;;;;;;;;;;;;;urn:trainline:public:nloc:csv28457
28458;Ustaoset;ustaoset;7602320;;60.496791;8.044554;;NO;Europe/Oslo;f;f;f;f;f;f;;;f;;f;7600121;f;;f;;f;;f;;f;;f;;f;;f;;f;;;;f;;f;;f;;f;NOAIL;f;;f;f;;;;;;;;;;;;;;;;;;;;urn:trainline:public:nloc:csv28458
28459;Haugastøl;haugastol;7602321;;60.51148;7.869174;;NO;Europe/Oslo;f;f;f;f;f;f;;;f;;f;7600122;f;;f;;f;;f;;f;;f;;f;;f;;f;;;;f;;f;;f;;f;NOAIM;f;;f;f;;;;;;;;;;;;;;;;;;;;urn:trainline:public:nloc:csv28459
28460;Finse;finse;7602322;;60.601749;7.504689;;NO;Europe/Oslo;f;f;f;f;f;f;;;f;;f;7600018;f;;f;;f;;f;;f;;f;;f;;f;;f;;;;f;;f;;f;;f;NOAIN;f;;f;f;;;;;;;;;;;;;;;;;;;;urn:trainline:public:nloc:csv28460
28461;Hallingskeid;hallingskeid;7602323;;60.667892;7.252559;;NO;Europe/Oslo;f;f;f;f;f;f;;;f;;f;7600357;f;;f;;f;;f;;f;;f;;f;;f;;f;;;;f;;f;;f;;f;NOAIO;f;;f;f;;;;;;;;;;;;;;;;;;;;urn:trainline:public:nloc:csv28461
28462;Myrdal;myrdal;7602324;;60.734655;7.122953;;NO;Europe/Oslo;f;f;f;f;f;f;;;f;;f;7600068;f;;f;;f;;f;;f;;f;;f;;f;;f;;;;f;;f;;f;;f;NOAIP;f;;f;f;;;;;;;;;;;;;;;;;;;;urn:trainline:public:nloc:csv28462
28463;Upsete;upsete;7602325;;60.725225;7.011891;;NO;Europe/Oslo;f;f;f;f;f;f;;;f;;f;7600358;f;;f;;f;;f;;f;;f;;f;;f;;f;;;;f;;f;;f;;f;NOAIQ;f;;f;f;;;;;;;;;;;;;;;;;;;;urn:trainline:public:nloc:csv28463
28464;Mjølfjell;mjolfjell;7602326;;60.694015;6.840386;;NO;Europe/Oslo;f;f;f;f;f;f;;;f;;f;7600359;f;;f;;f;;f;;f;;f;;f;;f;;f;;;;f;;f;;f;;f;NOAIR;f;;f;f;;;;;;;;;;;;;;;;;;;;urn:trainline:public:nloc:csv28464
28465;Reimegrend;reimegrend;7602327;;60.678149;6.731221;;NO;Europe/Oslo;f;f;f;f;f;f;;;f;;f;7600360;f;;f;;f;;f;;f;;f;;f;;f;;f;;;;f;;f;;f;;f;NOAIS;f;;f;f;;;;;;;;;;;;;;;;;;;;urn:trainline:public:nloc:csv28465
28466;Urdland;urdland;7602328;;60.679497;6.592392;;NO;Europe/Oslo;f;f;f;f;f;f;;;f;;f;7600361;f;;f;;f;;f;;f;;f;;f;;f;;f;;;;f;;f;;f;;f;NOAIT;f;;f;f;;;;;;;;;;;;;;;;;;;;urn:trainline:public:nloc:csv28466
28467;Voss;voss;7602330;;60.629238;6.410468;;NO;Europe/Oslo;f;f;f;f;f;f;;;f;;f;7600045;f;;f;;f;;f;;f;;f;;f;;f;;f;;;;f;;f;;f;;f;NOAIU;f;;f;f;;;;;;;;;;;;ヴォス;보스;;;Восс;;;沃斯;urn:trainline:public:nloc:csv28467
28468;Dale;dale;7602335;;60.58609;5.815912;;NO;Europe/Oslo;f;f;f;f;f;f;;;f;;f;7600123;f;;f;;f;;f;;f;;f;;f;;f;;f;;;;f;;f;;f;;f;NOAIV;f;;f;f;;;;;;;;;;;;;;;;;;;;urn:trainline:public:nloc:csv28468
28469;Stanghelle;stanghelle;7602336;;60.548731;5.733113;;NO;Europe/Oslo;f;f;f;f;f;f;;;f;;f;7600367;f;;f;;f;;f;;f;;f;;f;;f;;f;;;;f;;f;;f;;f;NOAIW;f;;f;f;;;;;;;;;;;;;;;;;;;;urn:trainline:public:nloc:csv28469
28470;Vaksdal;vaksdal;7602337;;60.478408;5.73589;;NO;Europe/Oslo;f;f;f;f;f;f;;;f;;f;7600124;f;;f;;f;;f;;f;;f;;f;;f;;f;;;;f;;f;;f;;f;NOAIX;f;;f;f;;;;;;;;;;;;;;;;;;;;urn:trainline:public:nloc:csv28470
28471;Trengereid;trengereid;7602339;;60.429363;5.624793;;NO;Europe/Oslo;f;f;f;f;f;f;;;f;;f;7600368;f;;f;;f;;f;;f;;f;;f;;f;;f;;;;f;;f;;f;;f;NOAIY;f;;f;f;;;;;;;;;;;;;;;;;;;;urn:trainline:public:nloc:csv28471
28472;Arna;arna;7602342;;60.420167;5.465908;;NO;Europe/Oslo;f;f;f;f;f;f;;;f;;f;7600073;f;;f;;f;;f;;f;;f;;f;;f;;f;;;;f;;f;;f;;f;NOAIZ;f;;f;f;;;;;;;;;;;;;;;;;;;;urn:trainline:public:nloc:csv28472
28473;Bergen;bergen;7602351;;60.390062;5.334127;;NO;Europe/Oslo;f;f;f;f;f;f;;;f;;f;7600007;f;;f;;f;;f;;f;;f;;f;;f;;f;;;;f;;f;;f;;f;NOAJA;f;;f;f;;;;;;;;;;;;;;;;;;;;urn:trainline:public:nloc:csv28473
28474;Vatnahalsen;vatnahalsen;7602358;;60.743923;7.130018;;NO;Europe/Oslo;f;f;f;f;f;f;;;f;;f;7600456;f;;f;;f;;f;;f;;f;;f;;f;;f;;;;f;;f;;f;;f;NOAJB;f;;f;f;;;;;;;;;;;;;;;;;;;;urn:trainline:public:nloc:csv28474
28475;Berekvam;berekvam;7602359;;60.788518;7.09648;;NO;Europe/Oslo;f;f;f;f;f;f;;;f;;f;7600369;f;;f;;f;;f;;f;;f;;f;;f;;f;;;;f;;f;;f;;f;NOAJC;f;;f;f;;;;;;;;;;;;;;;;;;;;urn:trainline:public:nloc:csv28475
28476;Håreina;hareina;7602360;;60.839622;7.123097;;NO;Europe/Oslo;f;f;f;f;f;f;;;f;;f;7600370;f;;f;;f;;f;;f;;f;;f;;f;;f;;;;f;;f;;f;;f;NOAJD;f;;f;f;;;;;;;;;;;;;;;;;;;;urn:trainline:public:nloc:csv28476
28477;Flam;flam;7602361;;60.863255;7.114449;;NO;Europe/Oslo;f;f;f;f;f;f;;;f;;f;7600019;f;;f;;f;;f;;f;;f;;f;;f;;f;;;;f;;f;;f;;f;NOAJE;f;;f;f;;;;;;;;;;;;フロム;;;;;;;弗洛姆;urn:trainline:public:nloc:csv28477
28478;Ørneberget;orneberget;7632134;;60.703966;6.940499;;NO;Europe/Oslo;f;f;f;f;f;f;;;f;;f;7600442;f;;f;;f;;f;;f;;f;;f;;f;;f;;;;f;;f;;f;;f;NOAJF;f;;f;f;;;;;;;;;;;;;;;;;;;;urn:trainline:public:nloc:csv28478
28479;Narvik;narvik;7602402;;68.429979;17.454597;;NO;Europe/Oslo;f;f;f;f;f;f;;;f;;f;7600092;f;;f;;f;;f;;f;;f;;f;;f;;f;;;;f;;f;;f;;f;NOAJG;f;;f;f;;;;;;;;;;;;ナルヴィク;나르비크;Narwik;;Нарвик;;;纳尔维克;urn:trainline:public:nloc:csv28479
28480;Rombak;rombak;7602404;;68.414436;17.776213;;NO;Europe/Oslo;f;f;f;f;f;f;;;f;;f;7600189;f;;f;;f;;f;;f;;f;;f;;f;;f;;;;f;;f;;f;;f;NOAJI;f;;f;f;;;;;;;;;;;;;;;;;;;;urn:trainline:public:nloc:csv28480
28481;Katterat;katterat;7602405;;68.403334;17.911537;;NO;Europe/Oslo;f;f;f;f;f;f;;;f;;f;7600190;f;;f;;f;;f;;f;;f;;f;;f;;f;;;;f;;f;;f;;f;NOAJJ;f;;f;f;;;;;;;;;;;;;;;;;;;;urn:trainline:public:nloc:csv28481
28482;Bjørnfjell;bjornfjell;7602406;;68.429223;18.097901;;NO;Europe/Oslo;f;f;f;f;f;f;;;f;;f;7600149;f;;f;;f;;f;;f;;f;;f;;f;;f;;;;f;;f;;f;;f;NOAJK;f;;f;f;;;;;;;;;;;;;;;;;;;;urn:trainline:public:nloc:csv28482
28483;Trondheim;trondheim;7601126;;63.436606;10.399404;;NO;Europe/Oslo;f;f;f;f;f;f;;;f;;f;7600043;f;;f;;f;;f;;f;;f;;f;;f;;f;;;;f;;f;;f;;f;NOAJN;f;;f;f;;;;;;;;;;;;トロンヘイム;트론헤임;;;;;;特隆赫姆;urn:trainline:public:nloc:csv28483
28484;Klepp;klepp;7602224;;58.771752;5.678189;;NO;Europe/Oslo;f;f;f;f;f;f;;;f;;f;7600351;f;;f;;f;;f;;f;;f;;f;;f;;f;;;;f;;f;;f;;f;NOKLE;f;;f;f;;;;;;;;;;;;;;;;;;;;urn:trainline:public:nloc:csv28484
28485;Notodden;notodden;7601806;;59.557086;9.257388;;NO;Europe/Oslo;f;f;f;f;f;f;;;f;;f;7600053;f;;f;;f;;f;;f;;f;;f;;f;;f;;;;f;;f;;f;;f;NONOT;f;;f;f;;;;;;;;;;;;;;;;;;;;urn:trainline:public:nloc:csv28485
28486;Varhaug;varhaug;7602220;;58.618459;5.646439;;NO;Europe/Oslo;f;f;f;f;f;f;;;f;;f;7600349;f;;f;;f;;f;;f;;f;;f;;f;;f;;;;f;;f;;f;;f;NOVAR;f;;f;f;;;;;;;;;;;;;;;;;;;;urn:trainline:public:nloc:csv28486
